{"content":[{"id":"5c73bb4f","settings":{"flex_direction":"column","jet_parallax_layout_list":[]},"elements":[{"id":"5570c58","settings":{"title":"\u05d4\u05d8\u05d5\u05e4\u05e1 \u05e9\u05dc \u05e0\u05d0\u05e0\u05d4","jet_tricks_widget_satellite_image":{"id":5108,"url":"https:\/\/st.siam.w2go.co.il\/wp-content\/uploads\/2024\/05\/placeholder.png"},"__dynamic__":{"title":"[elementor-tag id=\"a9f317e\" name=\"post-title\" settings=\"%7B%7D\"]"}},"elements":[],"isInner":false,"widgetType":"heading","elType":"widget"},{"id":"4e6407b6","settings":{"editor":"<p>\u05d1\u05d3\u05d9\u05e7\u05ea \u05de\u05e9\u05dc\u05d5\u05d7 \u05d4\u05d5\u05d3\u05e2\u05d5\u05ea \u05dc\u05e7\u05de\u05e4\u05d9\u05d9\u05df \u05d8\u05e1\u05d8\u05d9\u05dd \u05d1- CM \u05d5\u05d4\u05ea\u05e9\u05d5\u05d1\u05d5\u05ea \u05d4\u05de\u05ea\u05e7\u05d1\u05dc\u05d5\u05ea.\u00a0<br \/>\u05ea\u05de\u05d9\u05d3 \u05d4\u05d5\u05d3\u05e2\u05ea \u05d4\u05de\u05e9\u05da: \u05dc\u05dc\u05d0 reset<\/p>","jet_tricks_widget_satellite_image":{"id":5109,"url":"https:\/\/st.siam.w2go.co.il\/wp-content\/uploads\/2024\/05\/placeholder-1.png"}},"elements":[],"isInner":false,"widgetType":"text-editor","elType":"widget"},{"id":"4262c0d","settings":{"form_name":"app tests","form_fields":[{"custom_id":"token","field_label":"token","placeholder":"\u05e9\u05dd \u05dc\u05e7\u05d5\u05d7","width":"30","dynamic":{"active":true},"dce_formatted_number_locale":"auto","dce_formatted_number_currency":"USD","dce_form_stripe_currency":"USD","dce_form_stripe_item_value":"10.99","dce_form_paypal_item_name":"no name","dce_form_paypal_item_value":"0.1","dce_form_paypal_message_approved":"Your PayPal order has been approved. Please submit the form to complete this payment.","dce_counter_step":"1","required":"true","field_type":"hidden","field_value":"8b369b5a7f8a26bafc646c4334444e21","_id":"e586b79","previous_button":"","next_button":"","file_sizes":"","file_types":"","allow_multiple_upload":"","max_files":"","acceptance_text":"","checked_by_default":"","field_min":"","field_max":"","min_date":"","max_date":"","use_native_date":"","use_native_time":"","dce_select_field_id":"","dce_hidden_label_id":"","dce_live_html_real_time":"","dce_js_field_hide":"","dce_js_field_real_time":"","dce_stripe_attach_customer":"","dce_stripe_future_usage":"","dce_stripe_customer_email_field_id":"","dce_stripe_customer_name_field_id":"","dce_stripe_customer_phone_field_id":"","dce_reset_override_label":"","dce_reset_label":"","dce_counter_hide":"","dce_counter_other_ref":"","dce_range_text_before":"","dce_range_text_after":"","dce_amount_expression":"","dce_amount_text_before":"","dce_amount_text_after":"","dce_amount_hide":"","dce_amount_should_round":"","dce_amount_should_format":"","field_address_restrict_country":"","field_description_tooltip":"","field_description":"","field_icon":{"value":"","library":""},"inline_align":"","field_maxlength":"","field_minlength":"","field_regex":"","field_select2":"","field_select2_placeholder":"","field_onchange":"","dce_conditions_expression":"","dce_conditions_disable_only":""},{"custom_id":"url","field_label":"URL","placeholder":"\u05e9\u05dd \u05dc\u05e7\u05d5\u05d7","width":"30","dynamic":{"active":true},"dce_formatted_number_locale":"auto","dce_formatted_number_currency":"USD","dce_form_stripe_currency":"USD","dce_form_stripe_item_value":"10.99","dce_form_paypal_item_name":"no name","dce_form_paypal_item_value":"0.1","dce_form_paypal_message_approved":"Your PayPal order has been approved. Please submit the form to complete this payment.","dce_counter_step":"1","required":"true","field_type":"hidden","field_value":"https:\/\/app.callmarker.com\/api\/simple\/customers","_id":"361c8c4","previous_button":"","next_button":"","file_sizes":"","file_types":"","allow_multiple_upload":"","max_files":"","acceptance_text":"","checked_by_default":"","field_min":"","field_max":"","min_date":"","max_date":"","use_native_date":"","use_native_time":"","dce_select_field_id":"","dce_hidden_label_id":"","dce_live_html_real_time":"","dce_js_field_hide":"","dce_js_field_real_time":"","dce_stripe_attach_customer":"","dce_stripe_future_usage":"","dce_stripe_customer_email_field_id":"","dce_stripe_customer_name_field_id":"","dce_stripe_customer_phone_field_id":"","dce_reset_override_label":"","dce_reset_label":"","dce_counter_hide":"","dce_counter_other_ref":"","dce_range_text_before":"","dce_range_text_after":"","dce_amount_expression":"","dce_amount_text_before":"","dce_amount_text_after":"","dce_amount_hide":"","dce_amount_should_round":"","dce_amount_should_format":"","field_address_restrict_country":"","field_description_tooltip":"","field_description":"","field_icon":{"value":"","library":""},"inline_align":"","field_maxlength":"","field_minlength":"","field_regex":"","field_select2":"","field_select2_placeholder":"","field_onchange":"","dce_conditions_expression":"","dce_conditions_disable_only":""},{"custom_id":"phone","field_type":"tel","required":"true","field_label":"\u05de\u05d6\u05d4\u05d4 \u05dc\u05e7\u05d5\u05d7 (\u05d8\u05dc\u05e4\u05d5\u05df)","placeholder":"\u05de\u05d6\u05d4\u05d4 \u05d1 CM \u05de\u05d1\u05d5\u05e1\u05e1 \u05d8\u05dc\u05e4\u05d5\u05df","width":"25","_id":"6db6004","dce_formatted_number_locale":"auto","dce_formatted_number_currency":"USD","dce_form_stripe_currency":"USD","dce_form_stripe_item_value":"10.99","dce_form_paypal_item_name":"no name","dce_form_paypal_item_value":"0.1","dce_form_paypal_message_approved":"Your PayPal order has been approved. Please submit the form to complete this payment.","dce_counter_step":"1","previous_button":"","next_button":"","file_sizes":"","file_types":"","allow_multiple_upload":"","max_files":"","acceptance_text":"","checked_by_default":"","field_min":"","field_max":"","min_date":"","max_date":"","use_native_date":"","use_native_time":"","dce_select_field_id":"","dce_hidden_label_id":"","dce_live_html_real_time":"","dce_js_field_hide":"","dce_js_field_real_time":"","dce_stripe_attach_customer":"","dce_stripe_future_usage":"","dce_stripe_customer_email_field_id":"","dce_stripe_customer_name_field_id":"","dce_stripe_customer_phone_field_id":"","dce_reset_override_label":"","dce_reset_label":"","dce_counter_hide":"","dce_counter_other_ref":"","dce_range_text_before":"","dce_range_text_after":"","dce_amount_expression":"","dce_amount_text_before":"","dce_amount_text_after":"","dce_amount_hide":"","dce_amount_should_round":"","dce_amount_should_format":"","field_address_restrict_country":"","field_description_tooltip":"","field_description":"","field_icon":{"value":"","library":""},"inline_align":"","field_maxlength":"","field_minlength":"","field_regex":"","field_select2":"","field_select2_placeholder":"","field_onchange":"","dce_conditions_expression":"","dce_conditions_disable_only":"","field_value":"972501234555"},{"custom_id":"msg_type","field_type":"radio","required":"true","field_label":"\u05e1\u05d5\u05d2 \u05d4\u05d4\u05d5\u05d3\u05e2\u05d4","placeholder":"\u05d8\u05dc\u05e4\u05d5\u05df","width":"20","dce_formatted_number_locale":"auto","dce_formatted_number_currency":"USD","dce_form_stripe_currency":"USD","dce_form_stripe_item_value":"10.99","dce_form_paypal_item_name":"no name","dce_form_paypal_item_value":"0.1","dce_form_paypal_message_approved":"Your PayPal order has been approved. Please submit the form to complete this payment.","dce_counter_step":"1","previous_button":"","next_button":"","file_sizes":"","file_types":"","allow_multiple_upload":"","max_files":"","acceptance_text":"","checked_by_default":"","field_min":"","field_max":"","min_date":"","max_date":"","use_native_date":"","use_native_time":"","dce_select_field_id":"","dce_hidden_label_id":"","dce_live_html_real_time":"","dce_js_field_hide":"","dce_js_field_real_time":"","dce_stripe_attach_customer":"","dce_stripe_future_usage":"","dce_stripe_customer_email_field_id":"","dce_stripe_customer_name_field_id":"","dce_stripe_customer_phone_field_id":"","dce_reset_override_label":"","dce_reset_label":"","dce_counter_hide":"","dce_counter_other_ref":"","dce_range_text_before":"","dce_range_text_after":"","dce_amount_expression":"","dce_amount_text_before":"","dce_amount_text_after":"","dce_amount_hide":"","dce_amount_should_round":"","dce_amount_should_format":"","field_address_restrict_country":"","field_description_tooltip":"","field_description":"","field_icon":{"value":"","library":""},"inline_align":"","field_maxlength":"","field_minlength":"","field_regex":"","field_select2":"","field_select2_placeholder":"","field_onchange":"","dce_conditions_expression":"","dce_conditions_disable_only":"","field_options":"\u05d1\u05ea\u05d4\u05dc\u05d9\u05da|newlead\n\u05e0\u05e9\u05dc\u05d7\u05d4 \u05d4\u05e6\u05e2\u05d4|order\n\u05e0\u05d5\u05e6\u05e8\u05d5 \u05d5\u05d5\u05d0\u05d5\u05e6'\u05e8\u05d9\u05dd|vouchers\n\u05e0\u05e9\u05dc\u05d7 \u05de\u05d9\u05d9\u05dc \u05e1\u05d9\u05db\u05d5\u05dd|summarysent\n\u05d1\u05ea\u05d4\u05dc\u05d9\u05da \u05ea\u05e9\u05dc\u05d5\u05dd|paymentplan\n\u05ea\u05e9\u05dc\u05d5\u05dd \u05d4\u05d5\u05e9\u05dc\u05dd|paymentcomplete","_id":"8a73384"},{"custom_id":"link","field_type":"url","required":"true","field_label":"\u05e7\u05d9\u05e9\u05d5\u05e8","placeholder":"\u05e7\u05d9\u05e9\u05d5\u05e8 \u05d1\u05e6\u05d5\u05e8\u05d4 https:\/\/","width":"33","dce_formatted_number_locale":"auto","dce_formatted_number_currency":"USD","dce_form_stripe_currency":"USD","dce_form_stripe_item_value":"10.99","dce_form_paypal_item_name":"no name","dce_form_paypal_item_value":"0.1","dce_form_paypal_message_approved":"Your PayPal order has been approved. Please submit the form to complete this payment.","dce_counter_step":"1","previous_button":"","next_button":"","file_sizes":"","file_types":"","allow_multiple_upload":"","max_files":"","acceptance_text":"","checked_by_default":"","field_min":"","field_max":"","min_date":"","max_date":"","use_native_date":"","use_native_time":"","dce_select_field_id":"","dce_hidden_label_id":"","dce_live_html_real_time":"","dce_js_field_hide":"","dce_js_field_real_time":"","dce_stripe_attach_customer":"","dce_stripe_future_usage":"","dce_stripe_customer_email_field_id":"","dce_stripe_customer_name_field_id":"","dce_stripe_customer_phone_field_id":"","dce_reset_override_label":"","dce_reset_label":"","dce_counter_hide":"","dce_counter_other_ref":"","dce_range_text_before":"","dce_range_text_after":"","dce_amount_expression":"","dce_amount_text_before":"","dce_amount_text_after":"","dce_amount_hide":"","dce_amount_should_round":"","dce_amount_should_format":"","field_address_restrict_country":"","field_description_tooltip":"","field_description":"","field_icon":{"value":"","library":""},"inline_align":"","field_maxlength":"","field_minlength":"","field_regex":"","field_select2":"","field_select2_placeholder":"","field_onchange":"","dce_conditions_expression":"","dce_conditions_disable_only":"","field_options":"\u05d4\u05e6\u05e2\u05d4 \u05dc\u05dc\u05e7\u05d5\u05d7 \u05de\u05d5\u05db\u05e0\u05d4\n\u05d5\u05d5\u05d0\u05d5\u05e6'\u05e8\u05d9\u05dd \u05dc\u05dc\u05e7\u05d5\u05d7 \u05de\u05d5\u05db\u05e0\u05d9\u05dd\n\u05ea\u05d5\u05db\u05e0\u05d9\u05ea \u05ea\u05e9\u05dc\u05d5\u05de\u05d9\u05dd??","field_value":"https:\/\/site2goal.co.il","_id":"2b01118"},{"custom_id":"campaign","field_label":"\u05e7\u05de\u05e4\u05d9\u05d9\u05df","placeholder":"\u05e9\u05dd \u05dc\u05e7\u05d5\u05d7","width":"20","dynamic":{"active":true},"dce_formatted_number_locale":"auto","dce_formatted_number_currency":"USD","dce_form_stripe_currency":"USD","dce_form_stripe_item_value":"10.99","dce_form_paypal_item_name":"no name","dce_form_paypal_item_value":"0.1","dce_form_paypal_message_approved":"Your PayPal order has been approved. Please submit the form to complete this payment.","dce_counter_step":"1","required":"true","field_value":"9343","_id":"ce113ef","previous_button":"","next_button":"","file_sizes":"","file_types":"","allow_multiple_upload":"","max_files":"","acceptance_text":"","checked_by_default":"","field_min":"","field_max":"","min_date":"","max_date":"","use_native_date":"","use_native_time":"","dce_select_field_id":"","dce_hidden_label_id":"","dce_live_html_real_time":"","dce_js_field_hide":"","dce_js_field_real_time":"","dce_stripe_attach_customer":"","dce_stripe_future_usage":"","dce_stripe_customer_email_field_id":"","dce_stripe_customer_name_field_id":"","dce_stripe_customer_phone_field_id":"","dce_reset_override_label":"","dce_reset_label":"","dce_counter_hide":"","dce_counter_other_ref":"","dce_range_text_before":"","dce_range_text_after":"","dce_amount_expression":"","dce_amount_text_before":"","dce_amount_text_after":"","dce_amount_hide":"","dce_amount_should_round":"","dce_amount_should_format":"","field_address_restrict_country":"","field_description_tooltip":"","field_description":"","field_icon":{"value":"","library":""},"inline_align":"","field_maxlength":"","field_minlength":"","field_regex":"","field_select2":"","field_select2_placeholder":"","field_onchange":"","dce_conditions_expression":"","dce_conditions_disable_only":""},{"custom_id":"message","field_type":"textarea","field_label":"\u05ea\u05d5\u05db\u05df \u05e0\u05d5\u05e1\u05e3","placeholder":"\u05ea\u05d5\u05db\u05df \u05e0\u05d5\u05e1\u05e3 \u05d9\u05d5\u05e4\u05d9\u05e2 \u05d1 note","_id":"b25026e","dce_formatted_number_locale":"auto","dce_formatted_number_currency":"USD","dce_form_stripe_currency":"USD","dce_form_stripe_item_value":"10.99","dce_form_paypal_item_name":"no name","dce_form_paypal_item_value":"0.1","dce_form_paypal_message_approved":"Your PayPal order has been approved. Please submit the form to complete this payment.","dce_counter_step":"1","previous_button":"","next_button":"","file_sizes":"","file_types":"","allow_multiple_upload":"","max_files":"","acceptance_text":"","checked_by_default":"","field_min":"","field_max":"","min_date":"","max_date":"","use_native_date":"","use_native_time":"","dce_select_field_id":"","dce_hidden_label_id":"","dce_live_html_real_time":"","dce_js_field_hide":"","dce_js_field_real_time":"","dce_stripe_attach_customer":"","dce_stripe_future_usage":"","dce_stripe_customer_email_field_id":"","dce_stripe_customer_name_field_id":"","dce_stripe_customer_phone_field_id":"","dce_reset_override_label":"","dce_reset_label":"","dce_counter_hide":"","dce_counter_other_ref":"","dce_range_text_before":"","dce_range_text_after":"","dce_amount_expression":"","dce_amount_text_before":"","dce_amount_text_after":"","dce_amount_hide":"","dce_amount_should_round":"","dce_amount_should_format":"","field_address_restrict_country":"","field_description_tooltip":"","field_description":"","field_icon":{"value":"","library":""},"inline_align":"","field_maxlength":"","field_minlength":"","field_regex":"","field_select2":"","field_select2_placeholder":"","field_onchange":"","dce_conditions_expression":"","dce_conditions_disable_only":"","rows":7}],"step_next_label":"\u05d4\u05d1\u05d0","step_previous_label":"\u05d4\u05e7\u05d5\u05d3\u05dd","button_text":"\u05e9\u05dc\u05d9\u05d7\u05d4","dce_conditional_validations":[{"disabled":"yes","error_message":"Your name should be Joe","expression":"name == \"Joe\"","error_field_id":"name","_id":"3efd9bc"}],"dce_max_submissions_error_message":"Too many submissions, sorry","dce_confirm_dialog_title":"Confirm","dce_confirm_dialog_confirm_button_text":"Confirm","dce_confirm_dialog_cancel_button_text":"Cancel","email_content":"[all-fields]","email_content_2":"[all-fields]","dce_form_save_type_post_title":"Form Entry by [field id=\"name\"]","dce_form_save_type_post_content":"[field id=\"message\"]","dce_form_save_type_user_email":"[form:email]","dce_form_save_type_user_pass":"[form:user_pass]","dce_form_save_type_term_name":"Term [field id=\"name\"]","dce_form_save_type_term_description":"[field id=\"message\"]","dce_form_favorites":[],"dce_form_export_fields":[],"dce_form_pdf_name":"[date|U]","dce_form_pdf_folder":"elementor\/pdf\/[date|Y]\/[date|m]","dce_form_pdf_svg_code_repeater":[],"dce_form_pdf_title":"Form data by [field id=\"name\"] in [date|Y-m-d H:i:s]","dce_form_pdf_content":"[field id=\"message\"]","dce_cookie_expiration":"1d","dce_form_redirect_repeater":[],"dce_form_telegram_repeater":[],"dce_form_email_repeater":[],"success_message":"\u05d4\u05d8\u05d5\u05e4\u05e1 \u05e0\u05e9\u05dc\u05d7 \u05d1\u05d4\u05e6\u05dc\u05d7\u05d4.","error_message":"\u05d4\u05d8\u05d5\u05e4\u05e1 \u05dc\u05d0 \u05e0\u05e9\u05dc\u05d7 \u05d1\u05d2\u05dc\u05dc \u05e9\u05d2\u05d9\u05d0\u05d4.","server_message":"\u05d4\u05d8\u05d5\u05e4\u05e1 \u05dc\u05d0 \u05e0\u05e9\u05dc\u05d7 \u05d1\u05d2\u05dc\u05dc \u05ea\u05e7\u05dc\u05ea \u05e9\u05e8\u05ea.","invalid_message":"\u05d4\u05d8\u05d5\u05e4\u05e1 \u05dc\u05d0 \u05e0\u05e9\u05dc\u05d7 \u05db\u05d9 \u05d4\u05d8\u05d5\u05e4\u05e1 \u05dc\u05d0 \u05ea\u05e7\u05d9\u05df.","required_field_message":"\u05e9\u05d3\u05d4 \u05d6\u05d4 \u05d4\u05d5\u05d0 \u05e9\u05d3\u05d4 \u05d7\u05d5\u05d1\u05d4.","mark_required":"yes","submit_actions":["save-to-database"],"dce_form_export_headers":[{"dce_form_export_header_key":"Connection","dce_form_export_header_value":"keep-alive","_id":"eba63b2"}],"dce_form_pdf_log_path":"elementor\/export\/log__[date|Ymd].txt","ali_international_field_list":[{"_id":"cf2e7b1","ali_international_field_id":"phone"}],"jet_tricks_widget_satellite_image":{"id":5110,"url":"https:\/\/st.siam.w2go.co.il\/wp-content\/uploads\/2024\/05\/placeholder-2.png"},"custom_messages":"yes","label_spacing":{"unit":"px","size":5,"sizes":[]},"row_gap":{"unit":"px","size":23,"sizes":[]},"label_typography_typography":"custom","label_typography_font_weight":"600","_css_classes":"nana-form","custom_css":".nana-form .elementor-field-group {\r\n    align-items: flex-start;\r\n}","ali_international_field_enable":"yes"},"elements":[],"isInner":false,"widgetType":"form","elType":"widget"}],"isInner":false,"elType":"container"}],"page_settings":{"hide_title":"yes","eael_ext_toc_title":"Table of Contents","scroll_viewport":"#outer-wrap","scroll_contentScroll":"#wrap"},"version":"0.4","title":"app tests form","type":"container"}